Age,Gender,Time
22,Male,2025-09-01 22:13:01
21,Male,2025-09-01 22:13:01
22,Male,2025-09-01 22:13:01
29,Male,2025-09-01 22:13:02
28,Male,2025-09-01 22:13:02
22,Male,2025-09-01 22:13:06
24,Male,2025-09-01 22:13:06
30,Male,2025-09-01 22:13:07
29,Male,2025-09-01 22:13:07
25,Male,2025-09-01 22:13:07
27,Male,2025-09-01 22:13:07
24,Male,2025-09-01 22:13:07
28,Male,2025-09-01 22:13:07
25,Male,2025-09-01 22:13:08
28,Male,2025-09-01 22:13:08
16,Male,2025-09-01 22:41:04
12,Female,2025-09-01 22:41:04
17,Female,2025-09-01 22:41:08
16,Female,2025-09-01 22:41:20
17,Female,2025-09-01 22:41:20
26,Female,2025-09-01 22:41:20
38,Female,2025-09-01 22:50:26

